{
  "top1": 0.7931034482758621,
  "macro_f1": 0.8289424860853433,
  "total": 29
}