{
  "paper": {
    "precision": 0.75,
    "recall": 1.0,
    "f1-score": 0.8571428571428571,
    "support": 6.0
  },
  "plastic": {
    "precision": 1.0,
    "recall": 0.42857142857142855,
    "f1-score": 0.6,
    "support": 7.0
  },
  "metal": {
    "precision": 1.0,
    "recall": 1.0,
    "f1-score": 1.0,
    "support": 2.0
  },
  "glass": {
    "precision": 0.6666666666666666,
    "recall": 1.0,
    "f1-score": 0.8,
    "support": 2.0
  },
  "other_uncertain": {
    "precision": 0.5,
    "recall": 0.6,
    "f1-score": 0.5454545454545454,
    "support": 5.0
  },
  "e-waste": {
    "precision": 1.0,
    "recall": 1.0,
    "f1-score": 1.0,
    "support": 4.0
  },
  "textile": {
    "precision": 1.0,
    "recall": 1.0,
    "f1-score": 1.0,
    "support": 3.0
  },
  "accuracy": 0.7931034482758621,
  "macro avg": {
    "precision": 0.8452380952380951,
    "recall": 0.8612244897959184,
    "f1-score": 0.8289424860853433,
    "support": 29.0
  },
  "weighted avg": {
    "precision": 0.839080459770115,
    "recall": 0.7931034482758621,
    "f1-score": 0.7817286162113748,
    "support": 29.0
  }
}