{
  "top1": 0.42857142857142855,
  "macro_f1": 0.4047619047619047,
  "total": 14
}