{
  "paper": {
    "precision": 0.3333333333333333,
    "recall": 0.3333333333333333,
    "f1-score": 0.3333333333333333,
    "support": 3.0
  },
  "plastic": {
    "precision": 0.5,
    "recall": 0.25,
    "f1-score": 0.3333333333333333,
    "support": 4.0
  },
  "metal": {
    "precision": 1.0,
    "recall": 1.0,
    "f1-score": 1.0,
    "support": 2.0
  },
  "glass": {
    "precision": 0.0,
    "recall": 0.0,
    "f1-score": 0.0,
    "support": 1.0
  },
  "other_uncertain": {
    "precision": 0.0,
    "recall": 0.0,
    "f1-score": 0.0,
    "support": 2.0
  },
  "e-waste": {
    "precision": 0.5,
    "recall": 1.0,
    "f1-score": 0.6666666666666666,
    "support": 1.0
  },
  "textile": {
    "precision": 0.3333333333333333,
    "recall": 1.0,
    "f1-score": 0.5,
    "support": 1.0
  },
  "accuracy": 0.42857142857142855,
  "macro avg": {
    "precision": 0.38095238095238093,
    "recall": 0.5119047619047619,
    "f1-score": 0.4047619047619047,
    "support": 14.0
  },
  "weighted avg": {
    "precision": 0.41666666666666663,
    "recall": 0.42857142857142855,
    "f1-score": 0.39285714285714285,
    "support": 14.0
  }
}