{
  "top1": 0.7142857142857143,
  "macro_f1": 0.782312925170068,
  "total": 14
}