{
  "paper": {
    "precision": 0.5,
    "recall": 0.6666666666666666,
    "f1-score": 0.5714285714285714,
    "support": 3.0
  },
  "plastic": {
    "precision": 1.0,
    "recall": 0.2,
    "f1-score": 0.3333333333333333,
    "support": 5.0
  },
  "metal": {
    "precision": 1.0,
    "recall": 1.0,
    "f1-score": 1.0,
    "support": 2.0
  },
  "glass": {
    "precision": 0.5,
    "recall": 1.0,
    "f1-score": 0.6666666666666666,
    "support": 1.0
  },
  "other_uncertain": {
    "precision": 0.2,
    "recall": 0.5,
    "f1-score": 0.2857142857142857,
    "support": 2.0
  },
  "e-waste": {
    "precision": 1.0,
    "recall": 1.0,
    "f1-score": 1.0,
    "support": 1.0
  },
  "textile": {
    "precision": 0.0,
    "recall": 0.0,
    "f1-score": 0.0,
    "support": 1.0
  },
  "accuracy": 0.5333333333333333,
  "macro avg": {
    "precision": 0.6,
    "recall": 0.6238095238095239,
    "f1-score": 0.5510204081632653,
    "support": 15.0
  },
  "weighted avg": {
    "precision": 0.6933333333333334,
    "recall": 0.5333333333333333,
    "f1-score": 0.5079365079365079,
    "support": 15.0
  }
}