{
  "top1": 0.7142857142857143,
  "macro_f1": 0.772108843537415,
  "total": 14
}