{
  "paper": {
    "precision": 0.6666666666666666,
    "recall": 0.6666666666666666,
    "f1-score": 0.6666666666666666,
    "support": 3.0
  },
  "plastic": {
    "precision": 0.6666666666666666,
    "recall": 0.5,
    "f1-score": 0.5714285714285714,
    "support": 4.0
  },
  "metal": {
    "precision": 1.0,
    "recall": 1.0,
    "f1-score": 1.0,
    "support": 2.0
  },
  "glass": {
    "precision": 0.5,
    "recall": 1.0,
    "f1-score": 0.6666666666666666,
    "support": 1.0
  },
  "other_uncertain": {
    "precision": 0.5,
    "recall": 0.5,
    "f1-score": 0.5,
    "support": 2.0
  },
  "e-waste": {
    "precision": 1.0,
    "recall": 1.0,
    "f1-score": 1.0,
    "support": 1.0
  },
  "textile": {
    "precision": 1.0,
    "recall": 1.0,
    "f1-score": 1.0,
    "support": 1.0
  },
  "accuracy": 0.7142857142857143,
  "macro avg": {
    "precision": 0.7619047619047619,
    "recall": 0.8095238095238094,
    "f1-score": 0.772108843537415,
    "support": 14.0
  },
  "weighted avg": {
    "precision": 0.7261904761904762,
    "recall": 0.7142857142857143,
    "f1-score": 0.7108843537414966,
    "support": 14.0
  }
}