{
  "paper": {
    "precision": 0.6666666666666666,
    "recall": 0.6666666666666666,
    "f1-score": 0.6666666666666666,
    "support": 3.0
  },
  "plastic": {
    "precision": 0.5,
    "recall": 0.2,
    "f1-score": 0.2857142857142857,
    "support": 5.0
  },
  "metal": {
    "precision": 1.0,
    "recall": 1.0,
    "f1-score": 1.0,
    "support": 2.0
  },
  "glass": {
    "precision": 1.0,
    "recall": 1.0,
    "f1-score": 1.0,
    "support": 1.0
  },
  "other_uncertain": {
    "precision": 0.2,
    "recall": 0.5,
    "f1-score": 0.2857142857142857,
    "support": 2.0
  },
  "e-waste": {
    "precision": 1.0,
    "recall": 1.0,
    "f1-score": 1.0,
    "support": 1.0
  },
  "textile": {
    "precision": 1.0,
    "recall": 1.0,
    "f1-score": 1.0,
    "support": 1.0
  },
  "accuracy": 0.6,
  "macro avg": {
    "precision": 0.7666666666666667,
    "recall": 0.7666666666666667,
    "f1-score": 0.7482993197278912,
    "support": 15.0
  },
  "weighted avg": {
    "precision": 0.66,
    "recall": 0.6,
    "f1-score": 0.6,
    "support": 15.0
  }
}