{
  "top1": 0.6666666666666666,
  "macro_f1": 0.748299319727891,
  "total": 15
}