{
  "top1": 0.5333333333333333,
  "macro_f1": 0.5510204081632653,
  "total": 15
}