{
  "top1": 0.6666666666666666,
  "macro_f1": 0.710204081632653,
  "total": 15
}