{
  "paper": {
    "precision": 0.6666666666666666,
    "recall": 0.6666666666666666,
    "f1-score": 0.6666666666666666,
    "support": 3.0
  },
  "plastic": {
    "precision": 1.0,
    "recall": 0.4,
    "f1-score": 0.5714285714285714,
    "support": 5.0
  },
  "metal": {
    "precision": 1.0,
    "recall": 1.0,
    "f1-score": 1.0,
    "support": 2.0
  },
  "glass": {
    "precision": 0.5,
    "recall": 1.0,
    "f1-score": 0.6666666666666666,
    "support": 1.0
  },
  "other_uncertain": {
    "precision": 0.3333333333333333,
    "recall": 0.5,
    "f1-score": 0.4,
    "support": 2.0
  },
  "e-waste": {
    "precision": 1.0,
    "recall": 1.0,
    "f1-score": 1.0,
    "support": 1.0
  },
  "textile": {
    "precision": 0.5,
    "recall": 1.0,
    "f1-score": 0.6666666666666666,
    "support": 1.0
  },
  "accuracy": 0.6666666666666666,
  "macro avg": {
    "precision": 0.7142857142857143,
    "recall": 0.7952380952380952,
    "f1-score": 0.710204081632653,
    "support": 15.0
  },
  "weighted avg": {
    "precision": 0.7777777777777778,
    "recall": 0.6666666666666666,
    "f1-score": 0.6660317460317461,
    "support": 15.0
  }
}