{
  "paper": {
    "precision": 0.5,
    "recall": 0.6666666666666666,
    "f1-score": 0.5714285714285714,
    "support": 3.0
  },
  "plastic": {
    "precision": 0.6666666666666666,
    "recall": 0.4,
    "f1-score": 0.5,
    "support": 5.0
  },
  "metal": {
    "precision": 1.0,
    "recall": 1.0,
    "f1-score": 1.0,
    "support": 2.0
  },
  "glass": {
    "precision": 0.5,
    "recall": 1.0,
    "f1-score": 0.6666666666666666,
    "support": 1.0
  },
  "other_uncertain": {
    "precision": 0.5,
    "recall": 0.5,
    "f1-score": 0.5,
    "support": 2.0
  },
  "e-waste": {
    "precision": 1.0,
    "recall": 1.0,
    "f1-score": 1.0,
    "support": 1.0
  },
  "textile": {
    "precision": 1.0,
    "recall": 1.0,
    "f1-score": 1.0,
    "support": 1.0
  },
  "accuracy": 0.6666666666666666,
  "macro avg": {
    "precision": 0.738095238095238,
    "recall": 0.7952380952380952,
    "f1-score": 0.748299319727891,
    "support": 15.0
  },
  "weighted avg": {
    "precision": 0.6888888888888888,
    "recall": 0.6666666666666666,
    "f1-score": 0.6587301587301587,
    "support": 15.0
  }
}