{
  "top1": 0.4666666666666667,
  "macro_f1": 0.49829931972789115,
  "total": 15
}