{
  "paper": {
    "precision": 0.5,
    "recall": 0.6666666666666666,
    "f1-score": 0.5714285714285714,
    "support": 3.0
  },
  "plastic": {
    "precision": 0.0,
    "recall": 0.0,
    "f1-score": 0.0,
    "support": 5.0
  },
  "metal": {
    "precision": 1.0,
    "recall": 1.0,
    "f1-score": 1.0,
    "support": 2.0
  },
  "glass": {
    "precision": 0.5,
    "recall": 1.0,
    "f1-score": 0.6666666666666666,
    "support": 1.0
  },
  "other_uncertain": {
    "precision": 0.16666666666666666,
    "recall": 0.5,
    "f1-score": 0.25,
    "support": 2.0
  },
  "e-waste": {
    "precision": 1.0,
    "recall": 1.0,
    "f1-score": 1.0,
    "support": 1.0
  },
  "textile": {
    "precision": 0.0,
    "recall": 0.0,
    "f1-score": 0.0,
    "support": 1.0
  },
  "accuracy": 0.4666666666666667,
  "macro avg": {
    "precision": 0.4523809523809524,
    "recall": 0.5952380952380951,
    "f1-score": 0.49829931972789115,
    "support": 15.0
  },
  "weighted avg": {
    "precision": 0.3555555555555555,
    "recall": 0.4666666666666667,
    "f1-score": 0.3920634920634921,
    "support": 15.0
  }
}