{
  "top1": 0.5333333333333333,
  "macro_f1": 0.5904761904761904,
  "total": 15
}