{
  "top1": 0.7931034482758621,
  "macro_f1": 0.835374149659864,
  "total": 29
}