{
  "paper": {
    "precision": 0.625,
    "recall": 0.8333333333333334,
    "f1-score": 0.7142857142857143,
    "support": 6.0
  },
  "plastic": {
    "precision": 0.8,
    "recall": 0.5714285714285714,
    "f1-score": 0.6666666666666666,
    "support": 7.0
  },
  "metal": {
    "precision": 1.0,
    "recall": 1.0,
    "f1-score": 1.0,
    "support": 2.0
  },
  "glass": {
    "precision": 0.6666666666666666,
    "recall": 1.0,
    "f1-score": 0.8,
    "support": 2.0
  },
  "other_uncertain": {
    "precision": 0.75,
    "recall": 0.6,
    "f1-score": 0.6666666666666666,
    "support": 5.0
  },
  "e-waste": {
    "precision": 1.0,
    "recall": 1.0,
    "f1-score": 1.0,
    "support": 4.0
  },
  "textile": {
    "precision": 1.0,
    "recall": 1.0,
    "f1-score": 1.0,
    "support": 3.0
  },
  "accuracy": 0.7931034482758621,
  "macro avg": {
    "precision": 0.8345238095238096,
    "recall": 0.8578231292517007,
    "f1-score": 0.835374149659864,
    "support": 29.0
  },
  "weighted avg": {
    "precision": 0.8080459770114944,
    "recall": 0.7931034482758621,
    "f1-score": 0.7891625615763547,
    "support": 29.0
  }
}